-- Connect via your admin account created with '0.init_create_your_admin_user.sql'
--Drop all tables

BEGIN
   EXECUTE IMMEDIATE 'DROP TABLE ' || 'CHAMCONG';
EXCEPTION
   WHEN OTHERS THEN
      IF SQLCODE != -942 THEN
         RAISE;
      END IF;
END;
/
BEGIN
   EXECUTE IMMEDIATE 'DROP TABLE ' || 'THANGNAM';
EXCEPTION
   WHEN OTHERS THEN
      IF SQLCODE != -942 THEN
         RAISE;
      END IF;
END;
/
BEGIN
   EXECUTE IMMEDIATE 'DROP TABLE ' || 'CTHOADON';
EXCEPTION
   WHEN OTHERS THEN
      IF SQLCODE != -942 THEN
         RAISE;
      END IF;
END;
/
BEGIN
   EXECUTE IMMEDIATE 'DROP TABLE ' || 'HOADON';
EXCEPTION
   WHEN OTHERS THEN
      IF SQLCODE != -942 THEN
         RAISE;
      END IF;
END;
/
BEGIN
   EXECUTE IMMEDIATE 'DROP TABLE ' || 'CHITIETDONTHUOC';
EXCEPTION
   WHEN OTHERS THEN
      IF SQLCODE != -942 THEN
         RAISE;
      END IF;
END;
/
BEGIN
   EXECUTE IMMEDIATE 'DROP TABLE ' || 'DONTHUOC';
EXCEPTION
   WHEN OTHERS THEN
      IF SQLCODE != -942 THEN
         RAISE;
      END IF;
END;
/
BEGIN
   EXECUTE IMMEDIATE 'DROP TABLE ' || 'THUOC';
EXCEPTION
   WHEN OTHERS THEN
      IF SQLCODE != -942 THEN
         RAISE;
      END IF;
END;
/
BEGIN
   EXECUTE IMMEDIATE 'DROP TABLE ' || 'HOSO_DICHVU';
EXCEPTION
   WHEN OTHERS THEN
      IF SQLCODE != -942 THEN
         RAISE;
      END IF;
END;
/
BEGIN
   EXECUTE IMMEDIATE 'DROP TABLE ' || 'HOSOBENHNHAN';
EXCEPTION
   WHEN OTHERS THEN
      IF SQLCODE != -942 THEN
         RAISE;
      END IF;
END;
/
BEGIN
   EXECUTE IMMEDIATE 'DROP TABLE ' || 'DICHVU';
EXCEPTION
   WHEN OTHERS THEN
      IF SQLCODE != -942 THEN
         RAISE;
      END IF;
END;
/
BEGIN
   EXECUTE IMMEDIATE 'DROP TABLE ' || 'BENHNHAN';
EXCEPTION
   WHEN OTHERS THEN
      IF SQLCODE != -942 THEN
         RAISE;
      END IF;
END;
/
BEGIN
   EXECUTE IMMEDIATE 'DROP TABLE ' || 'NHANVIEN';
EXCEPTION
   WHEN OTHERS THEN
      IF SQLCODE != -942 THEN
         RAISE;
      END IF;
END;
/
BEGIN
   EXECUTE IMMEDIATE 'DROP TABLE ' || 'DONVI';
EXCEPTION
   WHEN OTHERS THEN
      IF SQLCODE != -942 THEN
         RAISE;
      END IF;
END;
/
-- Create hospital database's tables
CREATE TABLE DONVI(
ID_DONVI VARCHAR2(50)NOT NULL,
TENDV NVARCHAR2(50),
CONSTRAINT DONVI_PK PRIMARY KEY(ID_DONVI)
);
/
CREATE TABLE NHANVIEN(
ID_NHANVIEN VARCHAR2(50) NOT NULL,
TENNV NVARCHAR2(50) NOT NULL,
MATKHAU varchar2(200),
SDT VARCHAR2(50),
DIACHI NVARCHAR2(50),
GIOITINH NVARCHAR2(10),
NGAYSINH DATE,
LUONG NUMBER(9),
VAITRO NVARCHAR2(50),
DONVI VARCHAR2(50),
CONSTRAINT NHANVIEN_PK PRIMARY KEY (ID_NHANVIEN),
CONSTRAINT FK_DONVI_NHANVIEN FOREIGN KEY (DONVI) REFERENCES DONVI(ID_DONVI)
)
/
CREATE TABLE BENHNHAN(
ID_BENHNHAN VARCHAR2(50) NOT NULL,
HOTEN NVARCHAR2(50),
NGAYSINH DATE,
SDT VARCHAR2(50),
DIACHI NVARCHAR2(50),
GIOITINH NVARCHAR2(10),
CONSTRAINT BENHNHAN_PK PRIMARY KEY(ID_BENHNHAN)
);
/
CREATE TABLE HOSOBENHNHAN(
ID_KHAMBENH VARCHAR2(50),
NGAYKB DATE,
ID_BENHNHAN VARCHAR2(50),
TINHTRANGBD NVARCHAR2(100),
KETLUANBS NVARCHAR2(100),
MATT VARCHAR2(50),
MABS VARCHAR2(50),
CONSTRAINT HOSOBENHNHAN_PK PRIMARY KEY(ID_KHAMBENH),
CONSTRAINT FK_BENHNHAN_HOSOBENHNHAN FOREIGN KEY(ID_BENHNHAN)REFERENCES BENHNHAN(ID_BENHNHAN),
CONSTRAINT FK_NV_BACSI_HOSOBENHNHAN FOREIGN KEY(MABS) REFERENCES NHANVIEN(ID_NHANVIEN),
CONSTRAINT FK_NV_TIEPTAN_HOSOBENHNHAN FOREIGN KEY(MATT) REFERENCES NHANVIEN(ID_NHANVIEN)
);
/
CREATE TABLE DICHVU(
ID_DICHVU VARCHAR2(50),
TENDV NVARCHAR2(50),
DONGIA NUMBER(9,2),
CONSTRAINT DICHVU_PK PRIMARY KEY(ID_DICHVU)
);
/
CREATE TABLE HOSO_DICHVU(
ID_KHAMBENH VARCHAR2(50),
ID_DICHVU VARCHAR2(50),
NGAYGIO DATE,
NGUOITHUCHIEN VARCHAR(50),
KETLUAN NVARCHAR2(100),
CONSTRAINT HS_DV_PK PRIMARY KEY(ID_KHAMBENH,ID_DICHVU),
CONSTRAINT FK_HOSOBENHNHAN_HS_DV FOREIGN KEY (ID_KHAMBENH) REFERENCES HOSOBENHNHAN(ID_KHAMBENH),
CONSTRAINT FK_DICHVU_HS_DV FOREIGN KEY (ID_DICHVU) REFERENCES DICHVU(ID_DICHVU),
CONSTRAINT FK_NHANVIEN_HS_DV FOREIGN KEY(NGUOITHUCHIEN) REFERENCES NHANVIEN(ID_NHANVIEN)
);
/
CREATE TABLE DONTHUOC(
ID_DONTHUOC VARCHAR2(50),
ID_KHAMBENH VARCHAR2(50),
NVPT VARCHAR2(50),
CONSTRAINT DONTHUOC_PK PRIMARY KEY(ID_DONTHUOC),
CONSTRAINT FK_HOSOBENHNHAN_DONTHUOC FOREIGN KEY(ID_KHAMBENH) REFERENCES HOSOBENHNHAN(ID_KHAMBENH),
CONSTRAINT FK_NHANVIEN_DONTHUOC FOREIGN KEY (NVPT) REFERENCES NHANVIEN(ID_NHANVIEN)
);
/
CREATE TABLE THUOC(
ID_THUOC VARCHAR2(50),
TENTHUOC NVARCHAR2(50),
DVT VARCHAR2(50),
DONGIA NUMBER(9,2),
LUUY NVARCHAR2(100),
XUATXU NVARCHAR2(50),
CONGDUNG NVARCHAR2(100),
CONSTRAINT THUOC_PK PRIMARY KEY(ID_THUOC)
);
/
CREATE TABLE CHITIETDONTHUOC(
ID_DONTHUOC VARCHAR2(50),
ID_THUOC VARCHAR2(50),
SOLUONG NUMBER (9),
LIEUDUNG VARCHAR(20),
MOTA NVARCHAR2(100),
CONSTRAINT CT_DONTHUOC_PK PRIMARY KEY(ID_DONTHUOC,ID_THUOC),
CONSTRAINT FK_DONTHUOC_CTDONTHUOC FOREIGN KEY (ID_DONTHUOC) REFERENCES DONTHUOC(ID_DONTHUOC),
CONSTRAINT FK_THUOC_CTDONTHUOC FOREIGN KEY (ID_THUOC) REFERENCES THUOC(ID_THUOC)
);
/
CREATE TABLE HOADON(
ID_HOADON VARCHAR2(50),
ID_KHAMBENH VARCHAR2(50),
NGAYHD DATE,
NGUOIPT VARCHAR2(50),
TONGTIEN NUMBER(9),
CONSTRAINT HOADON_PK PRIMARY KEY(ID_HOADON),
CONSTRAINT FK_HOSOBENHNHAN_HOADON FOREIGN KEY (ID_KHAMBENH) REFERENCES HOSOBENHNHAN(ID_KHAMBENH),
CONSTRAINT FK_NHANVIEN_HOADON FOREIGN KEY (NGUOIPT) REFERENCES NHANVIEN(ID_NHANVIEN)
);
/
CREATE TABLE CTHOADON(
ID_HOADON VARCHAR2(50),
ID_DICHVU VARCHAR2(50),
CONSTRAINT CTHOADON_PK PRIMARY KEY(ID_HOADON,ID_DICHVU),
CONSTRAINT FK_HOADON_CTHOADON FOREIGN KEY (ID_HOADON) REFERENCES HOADON(ID_HOADON),
CONSTRAINT FK_DICHVU_CTHOADON FOREIGN KEY (ID_DICHVU) REFERENCES DICHVU(ID_DICHVU)
);
/
CREATE TABLE THANGNAM(
THANG NUMBER(2),
NAM NUMBER(4),
NC_TOIDA NUMBER(2),
CONSTRAINT THANGNAM_PK PRIMARY KEY(THANG,NAM)
);
/
CREATE TABLE CHAMCONG(
ID_NHANVIEN VARCHAR2(50),
THANG NUMBER(2),
NAM NUMBER(4),
SONGAYCONG NUMBER(9,1),
PHUCAP NUMBER(9,2),
LUONG NUMBER (10,2)
);

/
--insert benh nhan

insert into BENHNHAN (ID_BENHNHAN, HOTEN, NGAYSINH, DIACHI, SDT,GIOITINH,NGHENGHIEP,NOILAMVIEC,SDTNGUOITHAN) 
values (1, 'Nguyen Van An', TO_DATE('12/02/1984', 'DD/MM/YYYY'),'1 Cong Hoa, Ho Chi Minh','0755586353', 'Nu');
insert into BENHNHAN (ID_BENHNHAN, HOTEN, NGAYSINH, DIACHI, SDT,GIOITINH)
values (2, 'Tran Kim Ngan', TO_DATE('18/01/1976', 'DD/MM/YYYY'),'485 Huynh Van Banh, Ho Chi Minh','075558785', 'Nam');
insert into BENHNHAN (ID_BENHNHAN, HOTEN, NGAYSINH, DIACHI, SDT,GIOITINH) 
values (3, 'Nguyen An Vien', TO_DATE('11/01/1997', 'DD/MM/YYYY'),'173/44/15 Nguyen Khuyen, Ho Chi Minh City','0753749012', 'Nu');
insert into BENHNHAN (ID_BENHNHAN, HOTEN, NGAYSINH, DIACHI, SDT,GIOITINH) 
values (4, 'Nguyen Trung Quang', TO_DATE('17/12/1989', 'DD/MM/YYYY'),'164/22 Nguyen Thi Minh Khai, Ho Chi Minh','0757406826', 'Nam');
insert into BENHNHAN (ID_BENHNHAN, HOTEN, NGAYSINH, DIACHI, SDT,GIOITINH) 
values (5, 'Tran Thao Vien', TO_DATE('03/07/1978', 'DD/MM/YYYY'),'7 Le Thi Rieng Street, Ho Chi Minh','0755820572', 'Nam');
insert into BENHNHAN (ID_BENHNHAN, HOTEN, NGAYSINH, DIACHI, SDT,GIOITINH) 
values (6, 'Nguyen Van Ni', TO_DATE('17/01/1974', 'DD/MM/YYYY'),'203 Nguyen Van Bi, Ho Chi Minh City','0729407383', 'Nam');
insert into BENHNHAN (ID_BENHNHAN, HOTEN, NGAYSINH, DIACHI, SDT,GIOITINH) 
values (7, 'Le Thi Hong Nhung', TO_DATE('30/08/1980', 'DD/MM/YYYY'),'77 Phung Khac Khoan, Ho Chi Minh','0972902747', 'Nam');
insert into BENHNHAN (ID_BENHNHAN, HOTEN, NGAYSINH, DIACHI, SDT,GIOITINH)
values (8, 'Ho Bich Nga', TO_DATE('01/06/1983', 'DD/MM/YYYY'),'94 Nguyen Thi Nho, Ho Chi Minh','0978500037', 'Nam');
insert into BENHNHAN (ID_BENHNHAN, HOTEN, NGAYSINH, DIACHI, SDT,GIOITINH) 
values (9, 'Dinh Van Tung', TO_DATE('16/07/1971', 'DD/MM/YYYY'),'99 Vo Van Ngan, Ho Chi Minh','0748305990', 'Nam');
insert into BENHNHAN (ID_BENHNHAN, HOTEN, NGAYSINH, DIACHI, SDT,GIOITINH) 
values (10, 'Nguyen Hoai An', TO_DATE('05/01/1960', 'DD/MM/YYYY'),'90 Vo Thi Sau, TP HCM','0327405438', 'Nam');

--insert Don vi
insert into DONVI (ID_DONVI, TENDV) 
values (1,'Bo quan Quan ly');
insert into DONVI (ID_DONVI, TENDV) 
values (2,'Bo phan Tiep tan va Dieu phoi benh');
insert into DONVI (ID_DONVI, TENDV) 
values (3,'Bac si Dieu tri');
insert into DONVI (ID_DONVI, TENDV) 
values (4,'Phong Ban thuoc');
insert into DONVI (ID_DONVI, TENDV) 
values (5,'Bo phan Ke toan');
insert into DONVI (ID_DONVI, TENDV) 
values (6,'Phong Tai vu');
insert into DONVI (ID_DONVI, TENDV) 
values (7,'Admin');

--insert NHANVIEN

insert into NHANVIEN (ID_NHANVIEN, TENNV,MATKHAU, LUONG, NGAYSINH, DIACHI, VAITRO, DONVI,GIOITINH) 
values ('NVQL01','Nguyen Kim Khanh','user_nvquanli_01',6912000,TO_DATE('12/01/1960', 'DD/MM/YYYY'),'174 Nguyen Van Banh, TP HCM','NHANVIEN_QUANLY_TAINGUYEN_NHANSU',1,'Nam');
insert into NHANVIEN (ID_NHANVIEN, TENNV,MATKHAU, LUONG, NGAYSINH, DIACHI, VAITRO, DONVI,GIOITINH) 
values ('NVQL02','Ly Thi Hien','user_nvquanli_02',6912000,TO_DATE('12/01/1989', 'DD/MM/YYYY'),'68 Kha Van Can, Tp HCM','NHANVIEN_QUANLY_TAIVU',1,'Nu');
insert into NHANVIEN (ID_NHANVIEN, TENNV,MATKHAU, LUONG, NGAYSINH, DIACHI, VAITRO, DONVI,GIOITINH) 
values ('NVQL03','Phan Minh Trang','user_nvquanli_03',6912000,TO_DATE('12/06/1985', 'DD/MM/YYYY'),'15 Ton Duc Thang, tp HCM','NHANVIEN_QUANLY_CHUYENMON',2,'Nu');
insert into NHANVIEN (ID_NHANVIEN, TENNV,MATKHAU, LUONG, NGAYSINH, DIACHI, VAITRO, DONVI,GIOITINH) 
values ('NVLT01','Nguyen Quynh Nhu','user_nvletan_01',6912000,TO_DATE('12/03/1960', 'DD/MM/YYYY'),'24/2 Tran Khac Tran,TP HCM','NHANVIEN_LETAN',2,'Nu');
insert into NHANVIEN (ID_NHANVIEN, TENNV,MATKHAU, LUONG, NGAYSINH, DIACHI, VAITRO, DONVI,GIOITINH) 
values ('NVLT02','Phan Anh Minh','user_nvletan_02',6912000,TO_DATE('14/01/1960', 'DD/MM/YYYY'),'72 Phan Dinh Giot, TP HCM','NHANVIEN_LETAN',2,'Nam');
insert into NHANVIEN (ID_NHANVIEN, TENNV,MATKHAU, LUONG, NGAYSINH, DIACHI, VAITRO, DONVI,GIOITINH) 
values ('BS01','Ly Ngoc Binh','USER_BACSI_01',12800000,TO_DATE('12/03/1976', 'DD/MM/YYYY'),'107 Hoa Hung,TP HCM','BACSI_KHOANGOAI',3,'Nam');
insert into NHANVIEN (ID_NHANVIEN, TENNV,MATKHAU, LUONG, NGAYSINH, DIACHI, VAITRO, DONVI,GIOITINH) 
values ('BS02','Tran Van Quyet','USER_BACSI_02',6912000,TO_DATE('19/06/1968', 'DD/MM/YYYY'),'80 Ly Chinh Thang, TP HCM','BACSI_KHOANOI',3,'Nam');
insert into NHANVIEN (ID_NHANVIEN, TENNV,MATKHAU, LUONG, NGAYSINH, DIACHI, VAITRO, DONVI,GIOITINH) 
values ('NVTV01','Nguyen Ngoc Hoa','USER_TAIVU_01',6912000,TO_DATE('03/12/1968', 'DD/MM/YYYY'),'77 Ly Chinh Thang, TP HCM','NHANVIEN_TAIVU',6,'Nu');
insert into NHANVIEN (ID_NHANVIEN, TENNV,MATKHAU, LUONG, NGAYSINH, DIACHI, VAITRO, DONVI,GIOITINH) 
values ('NVBT01','Phan Kim Uyen','USER_BANTHUOC_01',6912000,TO_DATE('24/06/1971', 'DD/MM/YYYY'),'99 Phung Khac Khoan, TP HCM','NHANVIEN_KETOAN',4,'Nu');
insert into NHANVIEN (ID_NHANVIEN, TENNV,MATKHAU, LUONG, NGAYSINH, DIACHI, VAITRO, DONVI,GIOITINH)
values ('NVKT01','Ly Van An','USER_KETOAN_01',6912000,TO_DATE('12/04/1966', 'DD/MM/YYYY'),'7 Ly Thai To, TP HCM','NHANVIEN_KETOAN',5,'Nam');

-- NHAN VIEN TEMP
insert into NHANVIEN (ID_NHANVIEN, TENNV,MATKHAU, LUONG, NGAYSINH, DIACHI, VAITRO, DONVI,GIOITINH)
values ('NVTEMP','Nguyen Van A','USER_TEMP_01',6912000,TO_DATE('12/01/1970', 'DD/MM/YYYY'),'HO CHI MINH','NHANVIEN_TEMP',1,'Nam');
insert into NHANVIEN (ID_NHANVIEN, TENNV,MATKHAU, LUONG, NGAYSINH, DIACHI, VAITRO, DONVI,GIOITINH)
values ('NVTEMP02','Le Thi B','USER_TEMP_02',69120020,TO_DATE('12/01/1990', 'DD/MM/YYYY'),'HO CHI MINH','NHANVIEN_TEMP',2,'Nam');
-- NHAN VIEN ADMIN
insert into NHANVIEN (ID_NHANVIEN, TENNV,MATKHAU, LUONG, NGAYSINH, DIACHI, VAITRO, DONVI,GIOITINH)
values ('NVADMIN','DUCCAO_ADMIN','DUCCAO_ADMIN',6912000,TO_DATE('12/01/1960', 'DD/MM/YYYY'),'HO CHI MINH','NHANVIEN_ADMIN',1,'Nam');
insert into NHANVIEN (ID_NHANVIEN, TENNV,MATKHAU, LUONG, NGAYSINH, DIACHI, VAITRO, DONVI,GIOITINH)
values ('NVADMIN2','THAOTRUONG','THAOTRUONG',6912000,TO_DATE('12/01/1960', 'DD/MM/YYYY'),'HO CHI MINH','NHANVIEN_ADMIN',1,'Nu');


--insert cham cong

insert into CHAMCONG (ID_NHANVIEN, THANG,NAM, SONGAYCONG,PHUCAP,LUONG)
values ('BS01',6,2021,27,'1000000','15000000');
insert into CHAMCONG (ID_NHANVIEN, THANG,NAM, SONGAYCONG,PHUCAP,LUONG)
values ('BS01',5,2021,29,'1000000','20000000');
insert into CHAMCONG (ID_NHANVIEN, THANG,NAM, SONGAYCONG,PHUCAP,LUONG)
values ('BS01',4,2021,30,'1000000','25000000');
insert into CHAMCONG (ID_NHANVIEN, THANG,NAM, SONGAYCONG,PHUCAP,LUONG)
values ('BS02',6,2021,27,'2000000','27000000');
insert into CHAMCONG (ID_NHANVIEN, THANG,NAM, SONGAYCONG,PHUCAP,LUONG)
values ('NVLT01',6,2021,30,'500000','9000000');
insert into CHAMCONG (ID_NHANVIEN, THANG,NAM, SONGAYCONG,PHUCAP,LUONG)
values ('NVLT02',6,2021,30,'500000','9000000');

--insert thang nam

insert into THANGNAM (THANG,NAM,NC_TOIDA)
values (6,2021,30);
insert into THANGNAM (THANG,NAM,NC_TOIDA)
values (5,2021,31);
insert into THANGNAM (THANG,NAM,NC_TOIDA)
values (4,2021,30);
insert into THANGNAM (THANG,NAM,NC_TOIDA)
values (3,2021,31);
insert into THANGNAM (THANG,NAM,NC_TOIDA)
values (2,2021,28);
insert into THANGNAM (THANG,NAM,NC_TOIDA)
values (1,2021,31);
--insert THUOC

insert into THUOC (ID_THUOC,TENTHUOC, DVT, DONGIA, LUUY,XUATXU,CONGDUNG)
values (1,'DEXTROSE','Chai',16200,'Khong tu y ngung hoac tang lieu thuoc uong','Duc','Da day');
insert into THUOC (ID_THUOC,TENTHUOC, DVT, DONGIA, LUUY,XUATXU,CONGDUNG)
values (2,'Levofloxacin','Vien',5200,'Khong tu y ngung hoac tang lieu thuoc uong','Duc','Da day');
insert into THUOC (ID_THUOC,TENTHUOC, DVT, DONGIA, LUUY,XUATXU,CONGDUNG)
values (3,'Levofloxacin','Vien',5260,'Khong tu y ngung hoac tang lieu thuoc uong','Duc','Da day');
insert into THUOC (ID_THUOC,TENTHUOC, DVT, DONGIA, LUUY,XUATXU,CONGDUNG)
values (4,'Povidone Iodine','Vien',134400,'Khong tu y ngung hoac tang lieu thuoc uong','Duc','Da day');
insert into THUOC (ID_THUOC,TENTHUOC, DVT, DONGIA, LUUY,XUATXU,CONGDUNG)
values (5,'DEXTROSE','Chai',20200,'Khong tu y ngung hoac tang lieu thuoc uong','Duc','Da day');
insert into THUOC (ID_THUOC,TENTHUOC, DVT, DONGIA, LUUY,XUATXU,CONGDUNG)
values (6,'Thuoc1','Vien',9000,'Khong tu y ngung hoac tang lieu thuoc uong','Duc','Da day');
insert into THUOC (ID_THUOC,TENTHUOC, DVT, DONGIA, LUUY,XUATXU,CONGDUNG)
values (7,'Thuoc2','Chai',6500,'Khong tu y ngung hoac tang lieu thuoc uong','Duc','Da day');
insert into THUOC (ID_THUOC,TENTHUOC, DVT, DONGIA, LUUY,XUATXU,CONGDUNG)
values (8,'Thuoc3','Chai',27500,'Khong tu y ngung hoac tang lieu thuoc uong','Duc','Da day');
insert into THUOC (ID_THUOC,TENTHUOC, DVT, DONGIA, LUUY,XUATXU,CONGDUNG)
values (9,'Thuoc4','Vien',40000,'Khong tu y ngung hoac tang lieu thuoc uong','Duc','Da day');
insert into THUOC (ID_THUOC,TENTHUOC, DVT, DONGIA, LUUY,XUATXU,CONGDUNG)
values (10,'Thuoc5','Vien',3500,'Khong tu y ngung hoac tang lieu thuoc uong','Duc','Da day');


--insert Ho so benh nhan
insert into HOSOBENHNHAN (ID_KHAMBENH,NGAYKB, MABS, MATT, ID_BENHNHAN,TINHTRANGBD, KETLUANBS)
values (1,TO_DATE('12/01/2020', 'DD/MM/YYYY'),'BS01','NVLT01',1,'Ho nhieu','Viem phoi');
insert into HOSOBENHNHAN (ID_KHAMBENH,NGAYKB, MABS, MATT, ID_BENHNHAN,TINHTRANGBD, KETLUANBS)
values (2,TO_DATE('12/01/2020', 'DD/MM/YYYY'),'BS01','NVLT02',2,'Dau bung du doi','Dau da day');
insert into HOSOBENHNHAN (ID_KHAMBENH,NGAYKB, MABS, MATT, ID_BENHNHAN,TINHTRANGBD, KETLUANBS)
values (3,TO_DATE('12/01/2020', 'DD/MM/YYYY'),'BS01','NVLT02',3,'Sut can khong kiem soat','Tieu Duong ');
insert into HOSOBENHNHAN (ID_KHAMBENH,NGAYKB, MABS, MATT, ID_BENHNHAN,TINHTRANGBD, KETLUANBS)
values (4,TO_DATE('12/01/2020', 'DD/MM/YYYY'),'BS02','NVLT02',4,'Bi ngat','Huyet ap cao');
insert into HOSOBENHNHAN (ID_KHAMBENH,NGAYKB, MABS, MATT, ID_BENHNHAN,TINHTRANGBD, KETLUANBS)
values (5,TO_DATE('12/01/2020', 'DD/MM/YYYY'),'BS02','NVLT01',5,'Kho tho','Viem phoi');
--insert don thuoc
insert into DONTHUOC (ID_DONTHUOC,ID_KHAMBENH,NVPT)
values ('DT01',1,'NVBT01');
insert into DONTHUOC (ID_DONTHUOC,ID_KHAMBENH,NVPT)
values ('DT02',2,'NVBT01');
insert into DONTHUOC (ID_DONTHUOC,ID_KHAMBENH,NVPT)
values ('DT03',3,'NVBT01');
insert into DONTHUOC (ID_DONTHUOC,ID_KHAMBENH,NVPT)
values ('DT04',4,'NVBT01');
insert into DONTHUOC (ID_DONTHUOC,ID_KHAMBENH,NVPT)
values ('DT05',5,'NVBT01');


--insert don thuoc

insert into CHITIETDONTHUOC (ID_DONTHUOC,ID_THUOC, SOLUONG, LIEUDUNG, MOTA)
values ('DT01',1,1, '50ml', 'Ngay 2 vien sang chieu sau khi an');
insert into CHITIETDONTHUOC (ID_DONTHUOC,ID_THUOC, SOLUONG, LIEUDUNG, MOTA)
values ('DT01',2,10, '2 vien', 'Uong sang-trua-chieu truoc khi an');
insert into CHITIETDONTHUOC (ID_DONTHUOC,ID_THUOC, SOLUONG, LIEUDUNG, MOTA)
values ('DT02',3,5, '2 vien', 'Uong sang va chieu sau khi an');
insert into CHITIETDONTHUOC (ID_DONTHUOC,ID_THUOC, SOLUONG, LIEUDUNG, MOTA)
values ('DT03',4,6, '2 vien', 'Uong sang va chieu sau khi an');
insert into CHITIETDONTHUOC (ID_DONTHUOC,ID_THUOC, SOLUONG, LIEUDUNG, MOTA)
values ('DT04',5,1, '30ml', 'Sang chieu sau an');

--insert dich vu

insert into DICHVU (ID_DICHVU, TENDV, DONGIA)
values (1,'Kham Tong Quat','150.000');
insert into DICHVU (ID_DICHVU, TENDV, DONGIA)
values (2,'Sieu am 3D','250.000');
insert into DICHVU (ID_DICHVU, TENDV, DONGIA)
values (3,'Chup XQuang','230.000');
insert into DICHVU (ID_DICHVU, TENDV, DONGIA)
values (4,'Kham so sinh','150.000');
insert into DICHVU (ID_DICHVU, TENDV, DONGIA)
values (5,'Dinh luong cholesterol','240.000');

--insert dich vu

insert into HOSO_DICHVU (ID_KHAMBENH, ID_DICHVU, NGUOITHUCHIEN, NGAYGIO,KETLUAN)
values (1,2,'BS01', TO_DATE('15/01/2021', 'DD/MM/YYYY'), 'Khong co van de');
insert into HOSO_DICHVU (ID_KHAMBENH, ID_DICHVU, NGUOITHUCHIEN, NGAYGIO,KETLUAN)
values (2,1,'BS01', TO_DATE('15/01/2021', 'DD/MM/YYYY'), 'Khong co van de');
insert into HOSO_DICHVU (ID_KHAMBENH, ID_DICHVU, NGUOITHUCHIEN, NGAYGIO,KETLUAN)
values (3,3,'BS01', TO_DATE('15/01/2021', 'DD/MM/YYYY'), 'Bi viem phoi');
insert into HOSO_DICHVU (ID_KHAMBENH, ID_DICHVU, NGUOITHUCHIEN, NGAYGIO,KETLUAN)
values (4,3,'BS02', TO_DATE('15/01/2021', 'DD/MM/YYYY'), 'Bi viem tai');
insert into HOSO_DICHVU (ID_KHAMBENH, ID_DICHVU, NGUOITHUCHIEN, NGAYGIO,KETLUAN)
values (5,4,'BS02', TO_DATE('15/01/2021', 'DD/MM/YYYY'), 'Bi viem da');


--insert Hoa Don

insert into HOADON (ID_HOADON, ID_KHAMBENH, NGAYHD, NGUOIPT,TONGTIEN)
values (1, 1, TO_DATE('12/01/2020', 'DD/MM/YYYY'),'NVBT01',300000);
insert into HOADON (ID_HOADON, ID_KHAMBENH, NGAYHD, NGUOIPT,TONGTIEN)
values (2, 2, TO_DATE('12/01/2020', 'DD/MM/YYYY'),'NVBT01',150000);
insert into HOADON (ID_HOADON, ID_KHAMBENH, NGAYHD, NGUOIPT,TONGTIEN)
values (3, 3, TO_DATE('12/01/2020', 'DD/MM/YYYY'),'NVBT01',150000);
insert into HOADON (ID_HOADON, ID_KHAMBENH, NGAYHD, NGUOIPT,TONGTIEN)
values (4, 4, TO_DATE('12/01/2020', 'DD/MM/YYYY'),'NVBT01',150000);
insert into HOADON (ID_HOADON, ID_KHAMBENH, NGAYHD, NGUOIPT,TONGTIEN)
values (5, 5, TO_DATE('12/01/2020', 'DD/MM/YYYY'),'NVBT01',0);


--insert chi tiet hoa don

insert into CTHOADON (ID_HOADON, ID_DICHVU)
values (1, 1);
insert into CTHOADON (ID_HOADON, ID_DICHVU)
values (1, 2);
insert into CTHOADON (ID_HOADON, ID_DICHVU)
values (2, 1);
insert into CTHOADON (ID_HOADON, ID_DICHVU)
values (3, 1);
insert into CTHOADON (ID_HOADON, ID_DICHVU)
values (4, 1);




